Id,class_0,class_1
00eed32682bb,0.8210056524580703,0.17899434009134907
010ebe33f668,0.8210056524580703,0.17899434009134907
02fa521e1838,0.8210056524580703,0.17899434009134907
040e15f562a2,0.8210056524580703,0.17899434009134907
046e85c7cc7f,0.8210056524580703,0.17899434009134907
